scenario,worker,round,jobs,failed,lost,wall_seconds,throughput,exec_p50,exec_p95,exec_p99,e2e_p50,e2e_p95,e2e_p99,outbox_lag_p95,cpu_pct_mean,cpu_pct_max,mem_mb_max
overhead,asyncio,1,1000,0,0,0.5806798934936523,1722.1192109537567,0.000551,0.001437,0.002122,2.29912,6.555686,6.561784,0.050506,49.58,49.58,76.41
overhead,asyncio,2,1000,0,0,0.5057179927825928,1977.3866349855148,0.000432,0.000728,0.001247,2.034458,6.399992,6.406042,0.050056,45.18,45.18,76.41
overhead,asyncio,3,1000,0,0,0.509896993637085,1961.1804197295226,0.000464,0.000833,0.001303,2.172087,6.493914,6.503523,0.049723,44.76,44.76,76.45
overhead,asyncio,4,1000,0,0,0.5050039291381836,1980.1826130472962,0.000415,0.000688,0.000986,1.992436,6.311883,6.318187,0.050221,44.41,44.41,76.45
overhead,asyncio,5,1000,0,0,0.4856529235839844,2059.0836612704325,0.000334,0.000615,0.001021,2.369399,6.599821,6.603332,0.049451,42.33,42.33,76.45
overhead,go,1,1000,0,0,0.282088041305542,3544.99253272795,2e-06,3e-06,8e-06,1.995047,6.343845,6.371273,0.049462,8.76,8.76,21.39
overhead,go,2,1000,0,0,0.2569589614868164,3891.6720172505297,1e-06,4e-06,1.7e-05,2.131634,6.306998,6.32387,0.049207,8.9,8.9,21.92
overhead,go,3,1000,0,0,0.27150702476501465,3683.145954936103,1e-06,3e-06,9e-06,1.844716,6.258825,6.281149,0.049098,8.07,8.07,21.72
overhead,go,4,1000,0,0,0.27657198905944824,3615.695151923188,1e-06,3e-06,7e-06,2.091493,6.391639,6.40695,0.050217,9.06,9.06,22.07
overhead,go,5,1000,0,0,0.2529580593109131,3953.22450972353,1e-06,4e-06,1.5e-05,2.153046,6.571027,6.591959,0.049682,8.45,8.45,21.95
overhead,celery,1,1000,0,0,1.2362279891967773,808.9122789152644,0.000239,0.000871,0.001852,2.507746,6.529322,6.561307,0.050834,99.72,99.72,275.12
overhead,celery,2,1000,0,0,1.2703711986541748,787.1714984245513,0.000256,0.000975,0.002054,2.782382,6.487648,6.543959,0.051328,94.07,94.07,275.12
overhead,celery,3,1000,0,0,1.3555948734283447,737.6835215310062,0.000259,0.001117,0.002376,2.623572,6.40646,6.452536,0.049833,91.92,91.92,275.12
overhead,celery,4,1000,0,0,1.4843699932098389,673.6864828677755,0.000249,0.001044,0.002587,2.945338,6.473104,6.529297,0.048751,101.05000000000001,101.05000000000001,274.67
overhead,celery,5,1000,0,0,1.3285889625549316,752.678238480138,0.00026,0.000992,0.002613,2.962522,6.684099,6.739853,0.051321,103.22,103.22,274.67
overhead,taskiq,1,1000,0,0,0.8316378593444824,1202.4464600351705,7e-05,0.000267,0.000453,2.311941,6.495515,6.508908,0.050618,76.96,76.96,166.55
overhead,taskiq,2,1000,0,0,0.7684791088104248,1301.2715486149784,6.9e-05,0.000265,0.000558,2.306534,6.405083,6.416348,0.050542,35.36000000000001,35.36000000000001,166.57
overhead,taskiq,3,1000,0,0,0.7578170299530029,1319.5797408538265,6.8e-05,0.000289,0.000494,2.234563,6.408622,6.42115,0.050038,67.95,67.95,166.47
overhead,taskiq,4,1000,0,0,0.7717628479003906,1295.7348267288805,6.5e-05,0.000276,0.000549,2.295653,6.454641,6.458659,0.050794,73.25,73.25,166.47
overhead,taskiq,5,1000,0,0,0.8263778686523438,1210.100170798135,7e-05,0.000271,0.000582,2.316933,6.548613,6.555151,0.04942,75.00999999999999,75.00999999999999,168.47
cpu,asyncio,1,200,0,0,10.364707946777344,19.296250413132498,2.999561,4.1957,4.596181,6.544653,10.385409,10.652793,0.048901,87.63,103.68,70.58
cpu,asyncio,2,200,0,0,10.252876043319702,19.50672173885402,2.998539,3.711004,3.90185,6.708323,10.384716,10.578203,0.049316,85.39166666666667,99.84,70.39
cpu,asyncio,3,200,0,0,10.28067398071289,19.453977470271987,2.999119,3.696513,3.892691,6.445571,10.473465,10.64033,0.050408,86.11333333333333,100.27,70.39
cpu,asyncio,4,200,0,0,10.418544054031372,19.196540223162142,3.094788,3.792303,4.099456,6.706101,10.678788,10.802988,0.047997,88.66333333333334,100.24,51.48
cpu,asyncio,5,200,0,0,10.147259950637817,19.709754256116085,2.902758,3.596525,3.713231,6.751124,10.394648,10.476893,0.048013,83.72666666666667,99.92,55.47
cpu,go,1,200,0,0,7.4805779457092285,26.735902152415598,0.92405,1.672675,1.898952,5.124347,7.813409,7.888474,0.050238,79.964,100.32,22.75
cpu,go,2,200,0,0,7.530256032943726,26.559521897400355,0.796376,1.604979,2.174196,5.425085,7.728735,7.830469,0.049093,80.574,100.83,22.75
cpu,go,3,200,0,0,7.439334154129028,26.884126436099752,0.45936,1.50821,1.718989,5.839556,7.664956,7.828468,0.046111,79.834,100.81,18.52
cpu,go,4,200,0,0,7.450115919113159,26.845219882673643,0.801709,1.688634,1.871349,5.161424,7.774773,7.894366,0.050391,79.962,100.59,18.52
cpu,go,5,200,0,0,7.5490500926971436,26.49339950644618,0.759373,1.37602,1.696531,5.697707,7.954015,8.000635,0.047947,79.736,100.99,18.3
cpu,celery,1,200,0,0,8.721271991729736,22.932434648255125,0.124148,0.1956,0.198917,5.398548,8.70261,9.06793,0.049518,79.29,99.87,276.71999999999997
cpu,celery,2,200,0,0,8.476692914962769,23.594107042260177,0.181031,0.195994,0.198511,5.945086,8.689338,8.856363,0.049684,79.52400000000002,99.51,276.71999999999997
cpu,celery,3,200,0,0,8.192447900772095,24.41272772465859,0.117262,0.192582,0.194506,5.60016,8.359048,8.605839,0.049932,80.122,101.13000000000001,276.6
cpu,celery,4,200,0,0,7.775421857833862,25.72207703412218,0.114326,0.191181,0.193469,5.375083,7.988464,8.336501,0.051899,73.27000000000001,102.53,277.88
cpu,celery,5,200,0,0,7.999801874160767,25.000619158581518,0.116735,0.191479,0.194289,5.272958,8.060353,8.404434,0.050248,77.952,100.14,277.68
cpu,taskiq,1,200,0,0,9.521286010742188,21.00556582108281,2.303483,3.798383,4.234645,7.019097,9.872943,10.25081,0.051067,86.25,99.61,177.1
cpu,taskiq,2,200,0,0,10.124557971954346,19.753948819692912,2.390623,3.710588,4.002479,7.202627,10.465803,10.712329,0.050332,83.36833333333334,104.56,176.52
cpu,taskiq,3,200,0,0,10.566969871520996,18.926901697620934,2.406804,5.30801,6.202548,7.095825,10.833957,11.102466,0.049857,84.71333333333334,105.79,166.1
cpu,taskiq,4,200,0,0,10.367747068405151,19.290594058711502,2.303971,3.707052,4.095734,7.43778,10.661013,10.777317,0.054112,82.86666666666667,99.87,165.96
cpu,taskiq,5,200,0,0,10.617658138275146,18.836545441129665,2.69739,4.197019,4.800216,7.091177,11.011514,11.169539,0.052744,82.875,99.77000000000001,172.8
io,asyncio,1,300,0,0,4.267112970352173,70.30514591115698,0.613697,0.685852,0.700415,4.233334,4.676772,4.696075,0.04943,67.7,98.76,132.7
io,asyncio,2,300,0,0,4.2253828048706055,70.99948427257041,0.602714,0.702017,0.719277,4.251903,4.604044,4.619448,0.05304,67.87333333333333,98.97,137.8
io,asyncio,3,300,0,0,4.274051904678345,70.19100532485866,0.610272,0.698468,0.718331,4.296686,4.628059,4.66434,0.049519,69.17,99.09,146.1
io,asyncio,4,300,0,0,4.291662216186523,69.90298511111003,0.61674,0.684833,0.720249,4.301658,4.723076,4.742976,0.052067,68.58,98.68,146.1
io,asyncio,5,300,0,0,4.3024351596832275,69.72795379026418,0.622473,0.689891,0.708365,4.262374,4.736216,4.762947,0.049459,69.31333333333333,99.1,146.2
io,go,1,300,0,0,1.0915088653564453,274.8488899373542,0.206377,0.223841,0.22542,2.486493,3.048167,3.137284,0.053084,10.915,21.83,43.83
io,go,2,300,0,0,1.093756914138794,274.2839803999914,0.206862,0.215296,0.216607,2.365511,3.0258,3.17029,0.050357,10.299999999999999,20.58,43.92
io,go,3,300,0,0,1.0924420356750488,274.6141124225617,0.206985,0.217799,0.222183,2.358375,2.962914,3.016084,0.050042,8.965,17.93,45.66
io,go,4,300,0,0,1.0992329120635986,272.91759253897123,0.207501,0.226403,0.227293,2.418374,2.973545,3.133584,0.052274,9.44,18.88,45.46
io,go,5,300,0,0,1.1032609939575195,271.921151606989,0.208588,0.217399,0.222328,2.484302,3.096733,3.177124,0.051282,11.63,23.26,45.68
io,celery,1,300,0,0,16.824737071990967,17.830887859723283,0.215582,0.230234,0.253856,10.386886,16.508212,17.24529,0.048795,27.98777777777778,37.36000000000001,333.0
io,celery,2,300,0,0,17.03418207168579,17.61164690723013,0.216019,0.231251,0.34851,10.668549,16.835475,17.444929,0.04973,28.17111111111111,41.839999999999996,332.5
io,celery,3,300,0,0,16.69115686416626,17.97358939475675,0.215108,0.226673,0.229499,10.293512,16.471875,17.139399,0.049925,33.23111111111111,57.81999999999999,328.83
io,celery,4,300,0,0,16.792799949645996,17.86479925322544,0.214971,0.228868,0.238001,10.248601,16.523424,17.165123,0.049771,25.095555555555556,34.98,329.21000000000004
io,celery,5,300,0,0,16.782665967941284,17.87558666621074,0.215641,0.225558,0.230355,10.375806,16.602462,17.19685,0.050067,30.00222222222222,38.68,329.07
io,taskiq,1,300,0,0,4.754824161529541,63.093815840183545,0.316473,0.371305,0.378792,4.405996,5.011375,5.119292,0.049437,66.51333333333334,99.76,201.65
io,taskiq,2,300,0,0,5.210829973220825,57.57240238920507,0.322813,0.411083,0.475446,4.523454,5.477095,5.519794,0.050135,70.55,108.61,214.37
io,taskiq,3,300,0,0,4.916981935501099,61.01303684562478,0.320838,0.38181,0.401545,4.418575,5.222814,5.318625,0.050844,66.13666666666667,99.24000000000001,203.66000000000003
io,taskiq,4,300,0,0,4.935158967971802,60.788315421436316,0.319808,0.384944,0.41029,4.483038,5.203155,5.260663,0.049498,66.51333333333334,100.30000000000001,204.14000000000001
io,taskiq,5,300,0,0,5.196803092956543,57.72779815471617,0.323156,0.416176,0.481034,4.52786,5.58846,5.642963,0.050508,68.38333333333334,100.47,205.24
serialization,asyncio,1,200,0,0,2.796478033065796,71.51853067865467,0.065401,0.678915,0.699111,2.869928,3.137083,3.171077,0.048995,86.63,98.36,169.2
serialization,asyncio,2,200,0,0,3.0272421836853027,66.06673264460265,0.075033,0.550975,0.57408,2.862589,3.272946,3.373907,0.051442,64.95333333333333,98.61,169.8
serialization,asyncio,3,200,0,0,2.919036865234375,68.51574996602231,0.078784,0.874424,0.895751,2.806821,3.29401,3.333942,0.051255,92.41,98.49,138.9
serialization,asyncio,4,200,0,0,2.8240270614624023,70.82085109213912,0.059244,0.646186,0.692234,2.739258,3.090194,3.137153,0.049887,88.38,98.61,138.9
serialization,asyncio,5,200,0,0,2.862381935119629,69.87187752484236,0.071031,0.512653,0.516559,2.766612,3.167049,3.225713,0.047597,90.34,98.97,138.7
serialization,go,1,200,0,0,1.2574009895324707,159.0582492497993,0.006705,0.068965,0.109538,1.800534,2.071421,2.094564,0.048124,49.5,99.0,36.46
serialization,go,2,200,0,0,1.2567541599273682,159.14011377655487,0.007242,0.065051,0.180036,1.727625,1.959287,2.014369,0.049272,49.42,98.84,37.12
serialization,go,3,200,0,0,1.2015979290008545,166.44502721996435,0.007825,0.09466,0.168397,1.710492,1.937034,2.025803,0.04826,49.73,99.46,38.72
serialization,go,4,200,0,0,1.2737181186676025,157.02061317084338,0.007531,0.067206,0.079847,1.908814,2.202212,2.216413,0.051613,49.725,99.44,38.14
serialization,go,5,200,0,0,1.2581830024719238,158.95938794838628,0.007024,0.078792,0.097329,1.816595,2.083843,2.109199,0.050906,49.495,98.99,37.75
serialization,celery,1,200,0,0,3.253610849380493,61.47016630402532,0.029856,0.090106,0.092309,2.819097,3.575402,3.66327,0.051051,67.17,117.72,335.56
serialization,celery,2,200,0,0,3.181436061859131,62.864692582608846,0.020208,0.089246,0.093128,3.048186,3.570907,3.64335,0.04864,56.34,99.21000000000001,335.54
serialization,celery,3,200,0,0,3.282534122467041,60.9285364715986,0.078791,0.089702,0.091446,2.938902,3.630088,3.697413,0.049002,69.235,112.25,335.33000000000004
serialization,celery,4,200,0,0,3.153404951095581,63.42350668616614,0.079822,0.090396,0.091581,2.837379,3.453739,3.563749,0.053058,60.89,112.04,334.83
serialization,celery,5,200,0,0,3.305279016494751,60.509263817642854,0.069962,0.089529,0.092093,3.0819,3.622087,3.723516,0.049364,61.13,98.84,338.59000000000003
serialization,taskiq,1,200,0,0,3.0051300525665283,66.5528601097281,0.066281,0.179517,0.317834,2.820919,3.289797,3.390306,0.051615,49.730000000000004,99.43,244.76
serialization,taskiq,2,200,0,0,2.983849048614502,67.02751940245318,0.063379,0.127555,0.17044,2.762857,3.258837,3.332927,0.051939,50.220000000000006,100.4,241.26999999999998
serialization,taskiq,3,200,0,0,2.9832968711853027,67.03992550380593,0.062908,0.127198,0.165169,2.97707,3.279204,3.35288,0.050709,49.54,99.06,236.42000000000002
serialization,taskiq,4,200,0,0,2.893639087677002,69.11711997938171,0.067889,0.185228,0.259549,2.712161,3.177259,3.205076,0.048917,50.28000000000001,100.52000000000001,236.32
serialization,taskiq,5,200,0,0,3.0459229946136475,65.66154179001774,0.06576,0.186732,0.211655,2.820728,3.333997,3.413863,0.052482,49.995000000000005,99.91000000000001,238.19
